key,episode,author,title,file,source,source_id,source_page,matched_title,matched_author,match_score,bytes
current,,Matt Dinniman,This Inevitable Ruin,current.jpg,Open Library,15142977,https://openlibrary.org/works/OL41914127W,This Inevitable Ruin,Matt Dinniman,135.0,27791
next,,Robin Hobb,Royal Assassin,next.jpg,Open Library,14093093,https://openlibrary.org/works/OL27336080W,Royal Assassin,Robin Hobb,135.0,25967
review-61,61,Robin Hobb,Assassin's Apprentice,review-61.jpg,Penguin Random House,ISBN 9780593722824,https://images.penguinrandomhouse.com/cover/9780593722824,Assassin's Apprentice,Robin Hobb,100.0,54427
review-60,60,Catherynne M. Valente,Comfort Me with Apples,review-60.jpg,Open Library,10658546,https://openlibrary.org/works/OL24209960W,Comfort Me With Apples,Catherynne M. Valente,135.0,23650
review-59,59,Matt Dinniman,The Eye of the Bedlam Bride,review-59.jpg,Open Library,15231488,https://openlibrary.org/works/OL36748104W,The Eye of the Bedlam Bride,Matt Dinniman,135.0,28957
review-58,58,Matt Dinniman,The Butcher’s Masquerade,review-58.jpg,Open Library,15231958,https://openlibrary.org/works/OL34721292W,The Butcher’s Masquerade,Matt Dinniman,135.0,28787
review-57,57,Matt Dinniman,The Gate of the Feral Gods,review-57.jpg,Open Library,15232581,https://openlibrary.org/works/OL24848267W,The Gate of the Feral Gods,Matt Dinniman,135.0,27259
review-56,56,Matt Dinniman,The Dungeon Anarchist’s Cookbook,review-56.jpg,Open Library,15233609,https://openlibrary.org/works/OL24848242W,The Dungeon Anarchist’s Cookbook,Matt Dinniman,135.0,27266
review-55,55,Matt Dinniman,Carl’s Doomsday Scenario,review-55.jpg,Open Library,11702962,https://openlibrary.org/works/OL24848193W,Carl’s Doomsday Scenario,Matt Dinniman,135.0,22522
review-54,54,Matt Dinniman,Dungeon Crawler Carl,review-54.jpg,Open Library,15143022,https://openlibrary.org/works/OL24593432W,Dungeon Crawler Carl,Matt Dinniman,139.2,24977
review-53,53,Pierce Brown,Light Bringer,review-53.jpg,Open Library,15157697,https://openlibrary.org/works/OL26353967W,Light Bringer,Pierce Brown,139.3,22278
review-52,52,Pierce Brown,Dark Age,review-52.jpg,Open Library,8748017,https://openlibrary.org/works/OL20072759W,Dark Age,Pierce Brown,139.3,23020
review-51,51,Pierce Brown,Iron Gold,review-51.jpg,Open Library,14511722,https://openlibrary.org/works/OL19726995W,Iron Gold,Pierce Brown,139.6,16607
review-50,50,Umberto Eco,Foucault's Pendulum,review-50.jpg,Open Library,ISBN 9780156032971,https://openlibrary.org/isbn/9780156032971,Foucault's Pendulum,Umberto Eco,100.0,50152
review-49,49,Milan Kundera,The Unbearable Lightness of Being,review-49.jpg,Open Library,ISBN 9780060932138,https://openlibrary.org/isbn/9780060932138,The Unbearable Lightness of Being,Milan Kundera,100.0,23678
review-48,48,Joan Didion,A Book of Common Prayer,review-48.jpg,Open Library,4455913,https://openlibrary.org/works/OL500175W,A book of common prayer,Joan Didion; Marisa Vitali,140.0,2522
review-47,47,Dan Brown,The Secret of Secrets,review-47.jpg,Penguin Random House,ISBN 9780385546898,https://images.penguinrandomhouse.com/cover/9780385546898,The Secret of Secrets,Dan Brown,100.0,46794
review-46,46,David Baldacci,Simple Genius,review-46.jpg,Open Library,9296976,https://openlibrary.org/works/OL41250W,Simple Genius,David Baldacci,141.2,24383
review-45,45,J.R.R. Tolkien,The Return of the King,review-45.jpg,Penguin Random House,ISBN 9780547928197,https://images.penguinrandomhouse.com/cover/9780547928197,The Return of the King,J.R.R. Tolkien,100.0,30534
review-44,44,J.R.R. Tolkien,The Two Towers,review-44.jpg,Penguin Random House,ISBN 9780547928203,https://images.penguinrandomhouse.com/cover/9780547928203,The Two Towers,J.R.R. Tolkien,100.0,20824
review-43,43,J.R.R. Tolkien,The Fellowship of the Ring,review-43.jpg,Penguin Random House,ISBN 9780547928210,https://images.penguinrandomhouse.com/cover/9780547928210,The Fellowship of the Ring,J.R.R. Tolkien,100.0,23787
review-42,42,Rick Rubin,"The Creative Act, A Way of Being",review-42.jpg,Open Library,ISBN 9780593652886,https://openlibrary.org/isbn/9780593652886,The Creative Act: A Way of Being,Rick Rubin,100.0,8000
review-41,41,Amor Towles,A Gentleman in Moscow,review-41.jpg,Open Library,11326818,https://openlibrary.org/works/OL17797130W,A Gentleman in Moscow,Amor Towles,140.8,20514
review-40,40,Miyamoto Musashi,The Book of Five Rings,review-40.jpg,Open Library,15218876,https://openlibrary.org/works/OL45363084W,The Book of Five Rings,Miyamoto Musashi,135.0,25877
review-39,39,Oscar Wilde,The Picture of Dorian Grey,review-39.jpg,Penguin Random House,ISBN 9780141439570,https://images.penguinrandomhouse.com/cover/9780141439570,The Picture of Dorian Gray,Oscar Wilde,100.0,31581
review-38,38,Paul Wolff,In Defense of Anarchism,review-38.jpg,Open Library,326342,https://openlibrary.org/works/OL1866784W,In Defense of Anarchism,Robert Paul Wolff,139.6,8425
review-37,37,Alan Moore and Dave Gibbons,Watchmen,review-37.jpg,Open Library,7774899,https://openlibrary.org/works/OL2897798W,Watchmen,Alan Moore; Dave Gibbons; John Higgins; DC Comics,141.5,27505
review-36,36,Richard Feynman,What Do You Care What Other People Think?,review-36.jpg,Open Library,1468422,https://openlibrary.org/works/OL514628W,What Do You Care What Other People Think?,Richard Phillips Feynman; Ralph Leighton,140.1,9388
review-35,35,Pierce Brown,Morning Star,review-35.jpg,Open Library,8566174,https://openlibrary.org/works/OL19650409W,Morning Star,Pierce Brown,140.2,17062
review-34,34,Pierce Brown,Golden Son,review-34.jpg,Open Library,8454351,https://openlibrary.org/works/OL19340986W,Golden Son,Pierce Brown,140.3,22519
review-33,33,Pierce Brown,Red Rising,review-33.jpg,Penguin Random House,ISBN 9780345539809,https://images.penguinrandomhouse.com/cover/9780345539809,Red Rising,Pierce Brown,100.0,53397
review-32,32,Brandon Sanderson,Words of Radiance,review-32.jpg,Open Library,14658334,https://openlibrary.org/works/OL16813053W,Words of Radiance,Brandon Sanderson,140.4,17295
review-31,31,Brandon Sanderson,The Way of Kings,review-31.jpg,Open Library,14658316,https://openlibrary.org/works/OL15358691W,The Way of Kings,Brandon Sanderson,140.9,16508
review-30,30,Isaac Asimov,Foundation and Empire,review-30.jpg,Open Library,9300695,https://openlibrary.org/works/OL46224W,Foundation and Empire,Isaac Asimov,142.7,18431
review-29,29,George Szpiro,Poincaré's Prize,review-29.jpg,Open Library,1269760,https://openlibrary.org/works/OL5838324W,Poincare's Prize,George G. Szpiro,135.0,11549
review-28,28,O. Henry (William Porter),The Gift of the Magi,review-28.jpg,Open Library,819241,https://openlibrary.org/works/OL181953W,The gift of the Magi,O. Henry,140.7,12996
review-27,27,Randy Pausch,The Last Lecture,review-27.jpg,Open Library,6423395,https://openlibrary.org/works/OL7952998W,The Last Lecture,Randy Pausch; Jeffrey Zaslow,140.0,10391
review-26,26,Anne-Lee and Joshua Gilder,Heavenly Intrigue,review-26.jpg,Open Library,ISBN 9781400031764,https://openlibrary.org/isbn/9781400031764,Heavenly Intrigue,Anne-Lee and Joshua Gilder,100.0,51510
review-25,25,Louis Untermeyer,This Singing World,review-25.jpg,Open Library,9315819,https://openlibrary.org/works/OL1520941W,This singing world,Louis Untermeyer,135.0,10911
review-24,24,R. F. Kuang,Yellowface,review-24.jpg,Open Library,13195421,https://openlibrary.org/works/OL29050559W,Yellowface,R. F. Kuang,139.7,11464
review-23,23,Chelsea G. Summers,A Certain Hunger,review-23.jpg,Open Library,11048597,https://openlibrary.org/works/OL20760650W,A Certain Hunger,Chelsea G. Summers,135.0,24010
review-22,22,Suzanne Collins,Sunrise on the Reaping,review-22.jpg,Open Library,ISBN 9781546171461,https://openlibrary.org/isbn/9781546171461,Sunrise on the Reaping,Suzanne Collins,100.0,47085
review-21,21,Alexandre Dumas,The Count of Monte Cristo,review-21.jpg,Penguin Random House,ISBN 9780140449266,https://images.penguinrandomhouse.com/cover/9780140449266,The Count of Monte Cristo,Alexandre Dumas,100.0,30661
review-20,20,Monica Sjöö,The Great Cosmis Mother,review-20.jpg,Open Library,8273377,https://openlibrary.org/works/OL3853538W,The great cosmic mother,Monica Sjöö; Monica Sjöö; Monica Sjöö; Monica Sjoo; Monica Sjoo; Barbara Mor,135.0,23732
review-19,19,Isaac Asimov,Foundation,review-19.jpg,Open Library,14612610,https://openlibrary.org/works/OL46125W,Foundation,Isaac Asimov,143.0,18385
review-18,18,Franz Kafka,The Metamorphosis,review-18.jpg,Open Library,6889547,https://openlibrary.org/works/OL15176533W,The Metamorphosis and Other Stories,Franz Kafka,100.0,22395
review-17,17,Shirley Jackson,The Lottery,review-17.jpg,Open Library,8434898,https://openlibrary.org/works/OL3171085W,The Lottery,Shirley Jackson,135.0,20469
review-16,16,Andy Weir,Project Hail Mary,review-16.jpg,Open Library,11200092,https://openlibrary.org/works/OL21745884W,Project Hail Mary,Andy Weir,141.0,22830
review-15,15,Joseph Kessel,The Lion,review-15.jpg,Open Library,6635043,https://openlibrary.org/works/OL1306826W,The lion,Joseph Kessel,135.0,4756
review-14,14,Gabrielle Zevin,The Storied Life of A.J. Fikry,review-14.jpg,Open Library,7281141,https://openlibrary.org/works/OL16819586W,The storied life of A. J. Fikry,Gabrielle Zevin; Scott Brick,140.2,8869
review-13,13,Neal Stephenson,Snow Crash,review-13.jpg,Open Library,392508,https://openlibrary.org/works/OL38501W,Snow Crash,Neal Stephenson,141.5,16829
review-12,12,Jules Verne,Around the World in 80 Days,review-12.jpg,Open Library,10572141,https://openlibrary.org/works/OL20984945W,Around the World in 80 Days,Jules Verne,140.7,18337
review-11,11,Bram Stoker,Dracula,review-11.jpg,Open Library,12216503,https://openlibrary.org/works/OL85892W,Dracula,Bram Stoker,145.0,16289
review-10,10,Kahlil Gibran,The Prophet,review-10.jpg,Open Library,418324,https://openlibrary.org/works/OL318900W,The Prophet,Kahlil Gibran,145.0,7552
review-09,9,Yvon Chouinard,Let My People Go Surfing,review-09.jpg,Open Library,6875301,https://openlibrary.org/works/OL16028960W,Let my people go surfing,Yvon Chouinard,135.0,8296
review-08,8,Leo Tolstoy,The Death of Ivan Ilyich,review-08.jpg,Open Library,11616112,https://openlibrary.org/works/OL16563010W,The death of Ivan Ilyich and The devil,"Tolstoy, Leo, graf, 1828-1910",100.0,14189
review-07,7,Sir Arthur Conan Doyle,The Adventures of Sherlock Holmes,review-07.jpg,Open Library,6717853,https://openlibrary.org/works/OL262421W,The Adventures of Sherlock Holmes [12 stories],Arthur Conan Doyle,101.3,8466
review-06,6,Douglas Adams,The Hitchhiker's Guide to the Galaxy,review-06.jpg,Open Library,12986869,https://openlibrary.org/works/OL2163649W,The Hitchhiker's Guide to the Galaxy,Douglas Adams,143.5,22339
review-05,5,Mikhail Bulgakov,The Master and Margarita,review-05.jpg,Open Library,15013644,https://openlibrary.org/works/OL36999384W,The Master and Margarita,Михаил Афанасьевич Булгаков,100.0,19048
review-04,4,Michael Finkel,The Art Thief,review-04.jpg,Open Library,13460657,https://openlibrary.org/works/OL26510226W,The Art Thief,Michael Finkel,135.0,23430
review-03,3,Antoine de Sant-Exupéry,The Little Prince,review-03.jpg,Open Library,15218419,https://openlibrary.org/works/OL45338101W,The Little Prince,Antoine de Saint-Exupéry,126.3,24199
review-02,2,G. K. Chesterton,The Man Who Was Thursday: A Nightmare,review-02.jpg,Open Library,ISBN 9780141191461,https://openlibrary.org/isbn/9780141191461,The Man Who Was Thursday: A Nightmare,G. K. Chesterton,100.0,35844
review-01,1,Voltaire,Candide,review-01.jpg,Penguin Random House,ISBN 9780143039426,https://images.penguinrandomhouse.com/cover/9780143039426,Candide,Voltaire,100.0,57615
